,model,Accuracy Score,Precision Score,Recall Score
0,Gaussian Naive Bayes,0.5150769230769231,0.517785675085752,0.5150769230769231
1,Decision Tree Classifier,0.5956923076923077,0.5957152827096066,0.5956923076923077
2,K Neighbors Classifier,0.6793846153846154,0.6845776149863055,0.6793846153846154
3,Random Forest Classifier,0.6886153846153846,0.7012276056948535,0.6886153846153846
